{"mean":{"confidence_interval":{"confidence_level":0.95,"lower_bound":110350242.8305,"upper_bound":110794737.76675},"point_estimate":110553326.33,"standard_error":113859.99844725557},"median":{"confidence_interval":{"confidence_level":0.95,"lower_bound":110114823.0,"upper_bound":110354875.0},"point_estimate":110202294.0,"standard_error":55793.82267441206},"median_abs_dev":{"confidence_interval":{"confidence_level":0.95,"lower_bound":312890.1223450899,"upper_bound":648618.2146847248},"point_estimate":493900.7531315088,"standard_error":85557.32904010592},"slope":null,"std_dev":{"confidence_interval":{"confidence_level":0.95,"lower_bound":685507.5811475737,"upper_bound":1523380.5292408469},"point_estimate":1142474.4834852684,"standard_error":220353.18235254165}}