{"mean":{"confidence_interval":{"confidence_level":0.95,"lower_bound":19546983.60658333,"upper_bound":19630382.415666666},"point_estimate":19585631.28,"standard_error":21388.7596534415},"median":{"confidence_interval":{"confidence_level":0.95,"lower_bound":19473847.666666668,"upper_bound":19545449.833333332},"point_estimate":19513486.5,"standard_error":15522.254421688809},"median_abs_dev":{"confidence_interval":{"confidence_level":0.95,"lower_bound":56506.57989680951,"upper_bound":146552.53639817054},"point_estimate":104338.71444761753,"standard_error":20082.686625816725},"slope":null,"std_dev":{"confidence_interval":{"confidence_level":0.95,"lower_bound":138259.71310272484,"upper_bound":287255.3759091288},"point_estimate":215242.49760620462,"standard_error":38717.82378992237}}