{"mean":{"confidence_interval":{"confidence_level":0.95,"lower_bound":277995802.85375005,"upper_bound":278486619.14225},"point_estimate":278225586.95,"standard_error":125421.4615971056},"median":{"confidence_interval":{"confidence_level":0.95,"lower_bound":277774707.0,"upper_bound":278113772.0},"point_estimate":277944446.0,"standard_error":102828.83515949633},"median_abs_dev":{"confidence_interval":{"confidence_level":0.95,"lower_bound":606359.667634964,"upper_bound":994184.099149704},"point_estimate":796262.1917635202,"standard_error":101643.4903241813},"slope":null,"std_dev":{"confidence_interval":{"confidence_level":0.95,"lower_bound":839262.2023008935,"upper_bound":1704477.6798982457},"point_estimate":1252969.4992086357,"standard_error":234773.3864760245}}