{"mean":{"confidence_interval":{"confidence_level":0.95,"lower_bound":1120407120.35675,"upper_bound":1167907613.60025},"point_estimate":1141946108.8,"standard_error":12197402.764903832},"median":{"confidence_interval":{"confidence_level":0.95,"lower_bound":1096426868.0,"upper_bound":1119721047.0},"point_estimate":1108296641.0,"standard_error":6842044.309953676},"median_abs_dev":{"confidence_interval":{"confidence_level":0.95,"lower_bound":39623536.9425416,"upper_bound":70999458.44620764},"point_estimate":56554898.32414985,"standard_error":8103409.008459386},"slope":null,"std_dev":{"confidence_interval":{"confidence_level":0.95,"lower_bound":68041960.59009972,"upper_bound":173715851.14450967},"point_estimate":122564970.49260886,"standard_error":27852768.148793817}}