{"mean":{"confidence_interval":{"confidence_level":0.95,"lower_bound":468334641.64425004,"upper_bound":478461187.7},"point_estimate":473108034.41,"standard_error":2593641.34034994},"median":{"confidence_interval":{"confidence_level":0.95,"lower_bound":462534527.5,"upper_bound":468494393.0},"point_estimate":465597899.0,"standard_error":1427501.8933656504},"median_abs_dev":{"confidence_interval":{"confidence_level":0.95,"lower_bound":11669412.441426516,"upper_bound":19409410.11221409},"point_estimate":16437709.705272317,"standard_error":2102154.383961554},"slope":null,"std_dev":{"confidence_interval":{"confidence_level":0.95,"lower_bound":17369627.98614171,"upper_bound":34072571.630641565},"point_estimate":26138668.751654025,"standard_error":4304335.558030379}}