{"mean":{"confidence_interval":{"confidence_level":0.95,"lower_bound":178047462.60975,"upper_bound":178424974.0655},"point_estimate":178225559.14,"standard_error":96691.43128016703},"median":{"confidence_interval":{"confidence_level":0.95,"lower_bound":177894423.0,"upper_bound":178204872.0},"point_estimate":178038210.5,"standard_error":70581.63497662521},"median_abs_dev":{"confidence_interval":{"confidence_level":0.95,"lower_bound":498184.7257554531,"upper_bound":782601.5156060457},"point_estimate":649488.5008692741,"standard_error":73386.96370889354},"slope":null,"std_dev":{"confidence_interval":{"confidence_level":0.95,"lower_bound":671871.4591721897,"upper_bound":1262474.3745305163},"point_estimate":971411.5437044397,"standard_error":153175.19713021343}}