{"mean":{"confidence_interval":{"confidence_level":0.95,"lower_bound":66809.41725868633,"upper_bound":68086.07346586841},"point_estimate":67374.00602101466,"standard_error":327.7160480688364},"median":{"confidence_interval":{"confidence_level":0.95,"lower_bound":67174.05538461538,"upper_bound":67420.0048741581},"point_estimate":67292.70862470863,"standard_error":68.23716068377676},"median_abs_dev":{"confidence_interval":{"confidence_level":0.95,"lower_bound":589.9459974190828,"upper_bound":1410.3517364997072},"point_estimate":988.3016936176222,"standard_error":226.59982544704872},"slope":{"confidence_interval":{"confidence_level":0.95,"lower_bound":65865.69861167294,"upper_bound":66767.43727493162},"point_estimate":66283.61916813496,"standard_error":229.82564108699458},"std_dev":{"confidence_interval":{"confidence_level":0.95,"lower_bound":1524.5073234014105,"upper_bound":4909.602676071643},"point_estimate":3285.24139118958,"standard_error":906.3830593009873}}