{"mean":{"confidence_interval":{"confidence_level":0.95,"lower_bound":2256.114513004841,"upper_bound":2290.313453296102},"point_estimate":2270.872486602077,"standard_error":8.857918881545164},"median":{"confidence_interval":{"confidence_level":0.95,"lower_bound":2253.062869822485,"upper_bound":2264.948426573427},"point_estimate":2260.1795014446043,"standard_error":2.7708455550491045},"median_abs_dev":{"confidence_interval":{"confidence_level":0.95,"lower_bound":21.835412222450227,"upper_bound":36.15872561573827},"point_estimate":29.316007329261534,"standard_error":3.569455223168991},"slope":{"confidence_interval":{"confidence_level":0.95,"lower_bound":2247.827295111968,"upper_bound":2265.2827409324486},"point_estimate":2256.8414291073195,"standard_error":4.4492548224591575},"std_dev":{"confidence_interval":{"confidence_level":0.95,"lower_bound":40.83351918183484,"upper_bound":136.6411580729681},"point_estimate":88.92242200946141,"standard_error":28.90026948315344}}