{"mean":{"confidence_interval":{"confidence_level":0.95,"lower_bound":617857595.37125,"upper_bound":619237920.911},"point_estimate":618444498.38,"standard_error":356012.04905363166},"median":{"confidence_interval":{"confidence_level":0.95,"lower_bound":617462252.0,"upper_bound":617946989.0},"point_estimate":617755919.5,"standard_error":108671.83996437376},"median_abs_dev":{"confidence_interval":{"confidence_level":0.95,"lower_bound":808848.7242400646,"upper_bound":1652624.5386600494},"point_estimate":1186501.7786353827,"standard_error":217560.70859756228},"slope":null,"std_dev":{"confidence_interval":{"confidence_level":0.95,"lower_bound":1248256.4139478216,"upper_bound":5533647.198073878},"point_estimate":3571543.5210189996,"standard_error":1163762.6922329853}}