{"mean":{"confidence_interval":{"confidence_level":0.95,"lower_bound":26843.588835972027,"upper_bound":27148.8069104524},"point_estimate":26989.687674937406,"standard_error":77.99569395421076},"median":{"confidence_interval":{"confidence_level":0.95,"lower_bound":26860.013773148148,"upper_bound":27247.924214975843},"point_estimate":27222.26189236111,"standard_error":93.14218532840557},"median_abs_dev":{"confidence_interval":{"confidence_level":0.95,"lower_bound":340.3557125586697,"upper_bound":962.1794845308017},"point_estimate":573.8791294531234,"standard_error":168.74481761173624},"slope":{"confidence_interval":{"confidence_level":0.95,"lower_bound":26460.54959068401,"upper_bound":26679.395151492055},"point_estimate":26560.54276291808,"standard_error":55.80271544545978},"std_dev":{"confidence_interval":{"confidence_level":0.95,"lower_bound":585.0366640209086,"upper_bound":1027.3687662267798},"point_estimate":786.299185860326,"standard_error":123.90891258626567}}