{"mean":{"confidence_interval":{"confidence_level":0.95,"lower_bound":1520951744.0140002,"upper_bound":1603179916.9727502},"point_estimate":1560017993.25,"standard_error":21086281.22833336},"median":{"confidence_interval":{"confidence_level":0.95,"lower_bound":1433282916.0,"upper_bound":1516112026.0},"point_estimate":1457485322.5,"standard_error":20490964.151772343},"median_abs_dev":{"confidence_interval":{"confidence_level":0.95,"lower_bound":28079768.177184463,"upper_bound":143967479.7789663},"point_estimate":62707338.3213222,"standard_error":27576344.40919563},"slope":null,"std_dev":{"confidence_interval":{"confidence_level":0.95,"lower_bound":156782243.8522926,"upper_bound":261224286.02371308},"point_estimate":212512155.11847606,"standard_error":26783757.186464787}}