{"mean":{"confidence_interval":{"confidence_level":0.95,"lower_bound":65187844.584249996,"upper_bound":65524237.52975},"point_estimate":65335315.23,"standard_error":86266.13979819704},"median":{"confidence_interval":{"confidence_level":0.95,"lower_bound":65075368.0,"upper_bound":65163228.0},"point_estimate":65107989.5,"standard_error":27948.50710812371},"median_abs_dev":{"confidence_interval":{"confidence_level":0.95,"lower_bound":285208.498236537,"upper_bound":420777.43982970715},"point_estimate":342874.2242127657,"standard_error":36664.48848450425},"slope":null,"std_dev":{"confidence_interval":{"confidence_level":0.95,"lower_bound":359614.1105995088,"upper_bound":1302836.8559349976},"point_estimate":862121.6063526873,"standard_error":246962.20805456818}}