{"mean":{"confidence_interval":{"confidence_level":0.95,"lower_bound":4454301.108181818,"upper_bound":4515481.054204544},"point_estimate":4484590.565454545,"standard_error":15630.02899069995},"median":{"confidence_interval":{"confidence_level":0.95,"lower_bound":4428646.909090909,"upper_bound":4521333.454545454},"point_estimate":4458726.363636363,"standard_error":22660.404131390205},"median_abs_dev":{"confidence_interval":{"confidence_level":0.95,"lower_bound":141367.1205265958,"upper_bound":253212.17125004088},"point_estimate":171822.28484045438,"standard_error":28526.47842803303},"slope":null,"std_dev":{"confidence_interval":{"confidence_level":0.95,"lower_bound":135793.59875660882,"upper_bound":179720.11163281265},"point_estimate":157128.75251775395,"standard_error":11301.037675018732}}