{"mean":{"confidence_interval":{"confidence_level":0.95,"lower_bound":9841869.463333337,"upper_bound":9881880.81225},"point_estimate":9861387.168333337,"standard_error":10195.762594670967},"median":{"confidence_interval":{"confidence_level":0.95,"lower_bound":9839330.0,"upper_bound":9871262.083333332},"point_estimate":9851202.0,"standard_error":7460.23311867143},"median_abs_dev":{"confidence_interval":{"confidence_level":0.95,"lower_bound":41408.1524148588,"upper_bound":71023.95173907556},"point_estimate":52761.90301328943,"standard_error":7368.739511202517},"slope":null,"std_dev":{"confidence_interval":{"confidence_level":0.95,"lower_bound":72932.29622748872,"upper_bound":133995.4828591173},"point_estimate":102627.98272209629,"standard_error":15983.426949308901}}