{"mean":{"confidence_interval":{"confidence_level":0.95,"lower_bound":1770281.1749331395,"upper_bound":1796311.393159019},"point_estimate":1781545.116580097,"standard_error":6689.869344129676},"median":{"confidence_interval":{"confidence_level":0.95,"lower_bound":1769128.0459770116,"upper_bound":1778490.64},"point_estimate":1775245.3784965035,"standard_error":2308.103945464012},"median_abs_dev":{"confidence_interval":{"confidence_level":0.95,"lower_bound":13096.70123552849,"upper_bound":23212.260594566793},"point_estimate":16250.914664504047,"standard_error":2621.634929932421},"slope":{"confidence_interval":{"confidence_level":0.95,"lower_bound":1753417.9435297076,"upper_bound":1766053.060645725},"point_estimate":1759961.3337490764,"standard_error":3221.0310290722878},"std_dev":{"confidence_interval":{"confidence_level":0.95,"lower_bound":27217.9053096102,"upper_bound":103069.2152148996},"point_estimate":67055.4481350203,"standard_error":20801.338743371773}}