{"mean":{"confidence_interval":{"confidence_level":0.95,"lower_bound":102293603.63700001,"upper_bound":109896798.44125},"point_estimate":105897811.97,"standard_error":1939254.304835248},"median":{"confidence_interval":{"confidence_level":0.95,"lower_bound":97366656.0,"upper_bound":99031948.0},"point_estimate":98084166.5,"standard_error":464035.07769530517},"median_abs_dev":{"confidence_interval":{"confidence_level":0.95,"lower_bound":3423192.129126191,"upper_bound":6888364.0765070915},"point_estimate":5057198.177316785,"standard_error":899973.8450471378},"slope":null,"std_dev":{"confidence_interval":{"confidence_level":0.95,"lower_bound":14344001.5907612,"upper_bound":23675114.735318497},"point_estimate":19530446.60509978,"standard_error":2385467.578426011}}