{"mean":{"confidence_interval":{"confidence_level":0.95,"lower_bound":279708161.59,"upper_bound":284445202.1005},"point_estimate":281775453.11,"standard_error":1223213.497887533},"median":{"confidence_interval":{"confidence_level":0.95,"lower_bound":276869737.0,"upper_bound":279965905.0},"point_estimate":278234310.5,"standard_error":705834.096870672},"median_abs_dev":{"confidence_interval":{"confidence_level":0.95,"lower_bound":3139556.669461727,"upper_bound":6298952.750471234},"point_estimate":4524330.249077082,"standard_error":774192.3627892478},"slope":null,"std_dev":{"confidence_interval":{"confidence_level":0.95,"lower_bound":6110671.365064455,"upper_bound":18473378.63558847},"point_estimate":12271978.795539796,"standard_error":3618224.916641975}}