{"mean":{"confidence_interval":{"confidence_level":0.95,"lower_bound":586632.4623816377,"upper_bound":594498.3478243451},"point_estimate":590319.6822104818,"standard_error":2000.1132429496847},"median":{"confidence_interval":{"confidence_level":0.95,"lower_bound":591551.4545454546,"upper_bound":594386.071297654},"point_estimate":593008.1221968438,"standard_error":811.1284933147481},"median_abs_dev":{"confidence_interval":{"confidence_level":0.95,"lower_bound":3659.23794170228,"upper_bound":9875.803024973859},"point_estimate":5172.234341217178,"standard_error":1788.2654016071567},"slope":{"confidence_interval":{"confidence_level":0.95,"lower_bound":576757.0667163875,"upper_bound":583122.3448422835},"point_estimate":579628.996961726,"standard_error":1632.3094369125738},"std_dev":{"confidence_interval":{"confidence_level":0.95,"lower_bound":12574.60343394893,"upper_bound":26947.429019605748},"point_estimate":20018.186053038924,"standard_error":3735.7017408692363}}