{"mean":{"confidence_interval":{"confidence_level":0.95,"lower_bound":36868131.257625,"upper_bound":36965583.913875},"point_estimate":36914443.07,"standard_error":24884.042896324474},"median":{"confidence_interval":{"confidence_level":0.95,"lower_bound":36848970.0,"upper_bound":36932542.5},"point_estimate":36870889.5,"standard_error":20576.115185072216},"median_abs_dev":{"confidence_interval":{"confidence_level":0.95,"lower_bound":154218.56666207314,"upper_bound":268850.9727269411},"point_estimate":218786.90746575594,"standard_error":30189.588621474617},"slope":null,"std_dev":{"confidence_interval":{"confidence_level":0.95,"lower_bound":174632.03087075564,"upper_bound":328689.6037135443},"point_estimate":250388.4874737535,"standard_error":40510.171992375734}}