{"mean":{"confidence_interval":{"confidence_level":0.95,"lower_bound":552385116.92825,"upper_bound":553038888.1295},"point_estimate":552700864.01,"standard_error":167456.4732384739},"median":{"confidence_interval":{"confidence_level":0.95,"lower_bound":551912440.0,"upper_bound":552826243.5},"point_estimate":552480933.5,"standard_error":240363.49614248576},"median_abs_dev":{"confidence_interval":{"confidence_level":0.95,"lower_bound":1187170.4312235117,"upper_bound":1961063.1545841694},"point_estimate":1548317.700111866,"standard_error":198731.81454306407},"slope":null,"std_dev":{"confidence_interval":{"confidence_level":0.95,"lower_bound":1331168.3795297495,"upper_bound":2080886.8045128493},"point_estimate":1684256.1537454522,"standard_error":197132.59685021744}}