{"mean":{"confidence_interval":{"confidence_level":0.95,"lower_bound":420887672.94325,"upper_bound":421639279.55775},"point_estimate":421256217.84,"standard_error":191731.2356855397},"median":{"confidence_interval":{"confidence_level":0.95,"lower_bound":420432650.0,"upper_bound":421453387.0},"point_estimate":420981407.5,"standard_error":262932.67097384244},"median_abs_dev":{"confidence_interval":{"confidence_level":0.95,"lower_bound":1348966.566351056,"upper_bound":2300187.883463502},"point_estimate":1674206.7464768887,"standard_error":243790.9026782762},"slope":null,"std_dev":{"confidence_interval":{"confidence_level":0.95,"lower_bound":1620689.438352306,"upper_bound":2195447.4842003146},"point_estimate":1923250.0021002842,"standard_error":146705.81866771413}}