{"mean":{"confidence_interval":{"confidence_level":0.95,"lower_bound":4388233.124708333,"upper_bound":4431851.063145835},"point_estimate":4408925.279999999,"standard_error":11125.83201108293},"median":{"confidence_interval":{"confidence_level":0.95,"lower_bound":4379099.5,"upper_bound":4401249.541666666},"point_estimate":4392035.041666666,"standard_error":6085.846638523861},"median_abs_dev":{"confidence_interval":{"confidence_level":0.95,"lower_bound":56716.23497683559,"upper_bound":93906.03062720873},"point_estimate":78980.2627228189,"standard_error":9500.651702109308},"slope":null,"std_dev":{"confidence_interval":{"confidence_level":0.95,"lower_bound":80333.67612133708,"upper_bound":138766.63824296588},"point_estimate":111427.67928502528,"standard_error":14937.372018340111}}