{"mean":{"confidence_interval":{"confidence_level":0.95,"lower_bound":51220821.650750004,"upper_bound":52793039.55975},"point_estimate":51924113.48,"standard_error":403382.0290725787},"median":{"confidence_interval":{"confidence_level":0.95,"lower_bound":50379706.0,"upper_bound":50890573.5},"point_estimate":50603788.5,"standard_error":133858.70919389068},"median_abs_dev":{"confidence_interval":{"confidence_level":0.95,"lower_bound":622573.380947113,"upper_bound":1237035.4574382305},"point_estimate":939038.051828742,"standard_error":153406.54901171548},"slope":null,"std_dev":{"confidence_interval":{"confidence_level":0.95,"lower_bound":1984529.2098654546,"upper_bound":5875392.025260273},"point_estimate":4053265.8919580467,"standard_error":1026097.3364184125}}