{"mean":{"confidence_interval":{"confidence_level":0.95,"lower_bound":716209620.04225,"upper_bound":745100012.43375},"point_estimate":729045880.92,"standard_error":7435319.423891193},"median":{"confidence_interval":{"confidence_level":0.95,"lower_bound":700968924.0,"upper_bound":715564291.0},"point_estimate":708960574.0,"standard_error":3225098.62181744},"median_abs_dev":{"confidence_interval":{"confidence_level":0.95,"lower_bound":11173218.847435713,"upper_bound":25659385.913854837},"point_estimate":18077047.18296826,"standard_error":3257629.9015394435},"slope":null,"std_dev":{"confidence_interval":{"confidence_level":0.95,"lower_bound":31559724.069063388,"upper_bound":106467659.83458246},"point_estimate":74666126.96122286,"standard_error":18714097.622475088}}