{"mean":{"confidence_interval":{"confidence_level":0.95,"lower_bound":166325227.7845,"upper_bound":167792373.8445},"point_estimate":166986733.64,"standard_error":375760.36414212635},"median":{"confidence_interval":{"confidence_level":0.95,"lower_bound":165817683.0,"upper_bound":166446403.0},"point_estimate":166198707.5,"standard_error":164116.40356274563},"median_abs_dev":{"confidence_interval":{"confidence_level":0.95,"lower_bound":1479820.8400279284,"upper_bound":2455857.1741998196},"point_estimate":1937878.9974957705,"standard_error":246941.64508323083},"slope":null,"std_dev":{"confidence_interval":{"confidence_level":0.95,"lower_bound":2092570.9904027039,"upper_bound":5387244.929707037},"point_estimate":3774647.2767729033,"standard_error":874781.4676825061}}