{"mean":{"confidence_interval":{"confidence_level":0.95,"lower_bound":5492.913676652283,"upper_bound":5605.206538017158},"point_estimate":5541.779122752806,"standard_error":28.72742917794855},"median":{"confidence_interval":{"confidence_level":0.95,"lower_bound":5470.934240362812,"upper_bound":5514.676234567901},"point_estimate":5496.488381410256,"standard_error":12.078735194395845},"median_abs_dev":{"confidence_interval":{"confidence_level":0.95,"lower_bound":55.047566178422265,"upper_bound":94.31728018008285},"point_estimate":76.99824163531235,"standard_error":10.439913726101297},"slope":{"confidence_interval":{"confidence_level":0.95,"lower_bound":5465.381491883439,"upper_bound":5491.920967699477},"point_estimate":5478.262465847331,"standard_error":6.756053575138971},"std_dev":{"confidence_interval":{"confidence_level":0.95,"lower_bound":111.64249335871045,"upper_bound":428.6502179556253},"point_estimate":285.6801067611817,"standard_error":83.91171872995132}}