{"mean":{"confidence_interval":{"confidence_level":0.95,"lower_bound":1708492700.91,"upper_bound":1785077694.1182501},"point_estimate":1744382600.12,"standard_error":19576450.752585996},"median":{"confidence_interval":{"confidence_level":0.95,"lower_bound":1651725116.0,"upper_bound":1707642313.0},"point_estimate":1687240880.5,"standard_error":12513244.815944484},"median_abs_dev":{"confidence_interval":{"confidence_level":0.95,"lower_bound":74018402.64261067,"upper_bound":137324439.77804875},"point_estimate":111085778.5923332,"standard_error":16218223.047470415},"slope":null,"std_dev":{"confidence_interval":{"confidence_level":0.95,"lower_bound":136245934.1868946,"upper_bound":254807127.28130344},"point_estimate":195768130.7152597,"standard_error":30954054.784128547}}