{"mean":{"confidence_interval":{"confidence_level":0.95,"lower_bound":24561702.01833333,"upper_bound":24745951.309833337},"point_estimate":24651945.450000003,"standard_error":47079.879448613276},"median":{"confidence_interval":{"confidence_level":0.95,"lower_bound":24454587.166666664,"upper_bound":24754557.666666664},"point_estimate":24553777.833333336,"standard_error":75907.07724601749},"median_abs_dev":{"confidence_interval":{"confidence_level":0.95,"lower_bound":364986.7086201897,"upper_bound":554652.758052947},"point_estimate":444814.8332029526,"standard_error":47537.75848477794},"slope":null,"std_dev":{"confidence_interval":{"confidence_level":0.95,"lower_bound":390063.91074024193,"upper_bound":553160.5787905084},"point_estimate":472236.3618391707,"standard_error":41680.3717212669}}