{"mean":{"confidence_interval":{"confidence_level":0.95,"lower_bound":11231201.960849999,"upper_bound":11342377.923550004},"point_estimate":11286210.128000002,"standard_error":28427.76372365713},"median":{"confidence_interval":{"confidence_level":0.95,"lower_bound":11207548.6,"upper_bound":11325139.5},"point_estimate":11291450.399999999,"standard_error":32601.681453062753},"median_abs_dev":{"confidence_interval":{"confidence_level":0.95,"lower_bound":180785.57211041616,"upper_bound":362017.9998528941},"point_estimate":273802.4118590358,"standard_error":48986.19124141364},"slope":null,"std_dev":{"confidence_interval":{"confidence_level":0.95,"lower_bound":239828.80026183088,"upper_bound":329756.40021555114},"point_estimate":285525.50418659014,"standard_error":23035.01299855299}}